<?xml version="1.0" encoding="UTF-8"?>
<domain-models xmlns="http://axelor.com/xml/ns/domain-models"
  xmlns:xsi="http://www.w3.org/2001/XMLSchema-instance"
  xsi:schemaLocation="http://axelor.com/xml/ns/domain-models https://axelor.com/xml/ns/domain-models/domain-models_7.0.xsd">

  <module name="contact" package="com.axelor.contact.db"/>

  <entity name="Address" cacheable="true">
    <many-to-one name="contact" ref="Contact" required="true"/>
    <string name="street" required="true" max="255" initParam="true"/>
    <string name="area" max="255" initParam="true"/>
    <string name="city" initParam="true"/>
    <string name="zip"/>
    <string name="state"/>
    <many-to-one name="country" ref="Country" initParam="true"/>
  </entity>

</domain-models>
