<?xml version="1.0" encoding="UTF-8"?>
<domain-models xmlns="http://axelor.com/xml/ns/domain-models"
  xmlns:xsi="http://www.w3.org/2001/XMLSchema-instance"
  xsi:schemaLocation="http://axelor.com/xml/ns/domain-models https://axelor.com/xml/ns/domain-models/domain-models_7.0.xsd">

  <module name="contact" package="com.axelor.contact.db"/>

  <entity name="Email" cacheable="true">
    <many-to-one name="contact" ref="Contact" required="true"/>
    <string name="email" required="true" unique="true" namecolumn="true"/>
    <boolean name="primary" column="is_primary"/>
    <boolean name="optOut" title="Opted out"/>
    <boolean name="invalid"/>
  </entity>

</domain-models>
