<?xml version="1.0" encoding="utf-8"?>
<!DOCTYPE xml>
<address-book>

  <configs>
    <titles>
      <title code="mr">Mr.</title>
      <title code="mrs">Mrs.</title>
      <title code="miss">Miss</title>
    </titles>

    <country code="FR">France</country>
    <country code="DE">Germany</country>
    <country code="ES">Spain</country>
    <country code="GB">United Kingdom</country>
    <country code="US">United States</country>
    <country code="IN">India</country>
    <country code="CN">China</country>
    <country code="BR">Brazil</country>
  </configs>

  <contacts>
    <contact>
      <title code="mrs">Mrs.</title>
      <name type="F">John</name>
      <name type="L">Smith</name>
      <email>john.smith@gmail.com</email>
    </contact>
    <contact>
      <title>Mr.</title>
      <name type="F">Tin</name>
      <name type="L">Tin</name>
    </contact>
    <contact>
      <title>Miss</title>
      <name type="F">Teen</name>
      <name type="L">Teen</name>
      <email>teen.teen@gmail.com</email>
      <my>
        <address-list>
          <address zip="1234">
            <line1>My</line1>
            <line2>Home</line2>
            <city country="FR">Paris</city>
          </address>
          <address zip="5678">
            <line1>My</line1>
            <line2>Office</line2>
            <city>Paris</city>
          </address>
        </address-list>
      </my>
    </contact>
    <contact location="FR">
      <title>Mrs.</title>
      <name type="F">Paul</name>
      <name type="L">Henri</name>
      <email>p.h@gmail.com</email>
      <my>
        <address-list>
          <address>
            <line1>My</line1>
            <line2>Home</line2>
            <city>Paris</city>
          </address>
        </address-list>
      </my>
    </contact>
  </contacts>
</address-book>
