<?xml version="1.0" encoding="utf-8"?>
<!DOCTYPE xml>
<address-book>

  <contacts>
    <contact location="FR">
      <title>Mrs.</title>
      <name type="F">Paul</name>
      <name type="L">Sébastien</name>
      <email>p.s@gmail.com</email>
      <my>
        <address-list>
          <address>
            <line1>15 rue La Boétie</line1>
            <line2>Île-de-France</line2>
            <city>Paris</city>
          </address>
        </address-list>
      </my>
    </contact>
  </contacts>

</address-book>
