<?xml version="1.0"?>
<csv-inputs xmlns="http://axelor.com/xml/ns/data-import"
  xmlns:xsi="http://www.w3.org/2001/XMLSchema-instance"
  xsi:schemaLocation="http://axelor.com/xml/ns/data-import https://axelor.com/xml/ns/data-import/data-import_7.0.xsd">

  <input file="[sale.order]" type="com.axelor.sale.db.OrderLine"
    prepare-context="com.axelor.data.tests.SaleOrderImport:createOrder"
    call="com.axelor.data.tests.SaleOrderImport:updateOrder">

    <!-- dummy binding -->
    <bind to="_customer" type="com.axelor.contact.db.Contact" search="self.email = :email">
      <bind column="firstName" to="firstName"/>
      <bind column="lastName" to="lastName"/>
      <bind column="email" to="email"/>
      <bind column="CUSTOMER_PHONE" to="phone"/>
    </bind>

    <bind to="product" search="self.name = :product">
      <bind column="product" to="name"/>
      <bind column="product" to="code"/>
    </bind>

    <bind column="price" to="price"/>
    <bind column="quantity" to="quantity"/>
    <bind column="tax" to="taxes" search="self.code in :tax" eval="tax.split('\\|') as List"/>

  </input>

</csv-inputs>
