<?xml version="1.0"?>
<csv-inputs xmlns="http://axelor.com/xml/ns/data-import"
  xmlns:xsi="http://www.w3.org/2001/XMLSchema-instance"
  xsi:schemaLocation="http://axelor.com/xml/ns/data-import https://axelor.com/xml/ns/data-import/data-import_7.0.xsd">

  <input file="titles.csv" type="com.axelor.contact.db.Title"/>
  <input file="circles.csv" type="com.axelor.contact.db.Circle"/>
  <input file="company.csv" type="com.axelor.contact.db.Company"/>
  <input file="contacts.csv" type="com.axelor.contact.db.Contact"/>

  <input file="titles.csv" type="com.axelor.contact.db.Title" search="self.code = :code"
    update="true">
    <bind to="code" column="code"></bind>
    <bind to="name" column="name" if-empty="true"></bind>
  </input>

  <input file="titles-no-header.csv" type="com.axelor.contact.db.Title"
    search="self.code = :code" update="true">
    <header>code,name</header>
    <bind to="code" column="code"></bind>
    <bind to="name" column="name" if-empty="true"></bind>
  </input>

  <input file="contacts-update.csv" type="com.axelor.contact.db.Contact" separator="\t"
    search="self.firstName = :firstName AND self.lastName = :lastName" update="true"/>

  <input file="taxes.csv" type="com.axelor.sale.db.Tax"/>

  <input file="sale-orders.csv" type="com.axelor.sale.db.Order"
    call="com.axelor.data.tests.Validators:validateSaleOrder">

    <!-- transform boolean value into 'true' or 'false' -->
    <bind column="confirmed" to="confirmed" eval="confirmed ==~ /^(T|Y|1)$/ ? 'true' : 'false'"/>

    <bind column="date" to="orderDate"/>

    <!-- default value provided with eval expression -->
    <bind to="confirmDate" eval="java.time.LocalDate.now()"/>

    <bind to="customer" search="self.email = :email" if="!email.empty">
      <bind column="firstName" to="firstName"/>
      <bind column="lastName" to="lastName"/>
      <bind column="email" to="email"/>
    </bind>

    <bind to="customer" if="email.empty">
      <bind column="firstName" to="firstName"/>
      <bind column="lastName" to="lastName"/>
      <bind to="email" eval='"${firstName}.${lastName}@gmail.com".toLowerCase()'/>
    </bind>

    <bind to="items">
      <bind column="q1" to="quantity"/>
      <bind column="r1" to="price"/>
      <bind to="product" search="self.name = :p1">
        <bind column="p1" to="name"/>
        <bind column="p1" to="code"/>
      </bind>
      <bind column="t11" to="taxes" search="self.code = :t11"/>
      <bind column="t12" to="taxes" search="self.code = :t12"/>
    </bind>

    <bind to="items">
      <bind column="q2" to="quantity"/>
      <bind column="r2" to="price"/>
      <bind to="product" search="self.name = :p2">
        <bind column="p2" to="name"/>
        <bind column="p2" to="code"/>
      </bind>
      <bind column="t2" to="taxes" search="self.code in :t2" eval="t2.split('\\|') as List"/>
    </bind>

  </input>

</csv-inputs>
