<?xml version="1.0"?>
<xml-inputs xmlns="http://axelor.com/xml/ns/data-import"
  xmlns:xsi="http://www.w3.org/2001/XMLSchema-instance"
  xsi:schemaLocation="http://axelor.com/xml/ns/data-import https://axelor.com/xml/ns/data-import/data-import_7.0.xsd">

  <input file="contacts.xml" root="address-book">

    <bind node="configs/titles/title" type="com.axelor.contact.db.Title"
      search="self.code = :code" update="false">
      <bind node="@code" to="code"/>
      <bind node="text()" to="name"/>
    </bind>

    <bind node="configs/country" type="com.axelor.contact.db.Country"
      search="self.code = :code" update="false">
      <bind node="@code" to="code"/>
      <bind node="text()" to="name"/>
    </bind>

    <bind node="contacts/contact" type="com.axelor.contact.db.Contact">
      <bind node="title" to="title" search="self.name = :title"/>

      <!-- if @code of node title exist and not empty then bind to field notes -->
      <bind node="title/@code" to="notes" alias="title_code"
        if="title_code &amp;&amp; !title_code.empty"/> <!-- NOT SURE -->

      <!-- MEV_ERP_ID is sended with "context" : so here sould by null and not bind -->
      <bind eval="MEV_ERP_ID" to="notes" if="MEV_ERP_ID"/>

      <bind node="name[@type='F']" to="firstName"/>
      <bind node="name[@type='L']" to="lastName"/>
      <bind node="email" to="email"/>

      <!-- generate email if doesn't exist -->
      <bind to="email" eval='"${firstName}.${lastName}@gmail.com".toLowerCase()'
        if="email == null || email.empty"/>

      <!-- bind multi-value field -->
      <bind node="my/address-list/address" to="addresses">
        <bind node="line1" to="street"/>
        <bind node="line2" to="area"/>
        <bind node="city" to="city"/>
        <bind node="@zip" to="zip"/>

        <!-- find country codes and put them in the context -->
        <bind node="../../../@location" alias="location_contact"/>
        <bind node="city/@country" alias="city_country"/>

        <!-- if location_contact exists then use it, if city_country exists then use it else use 'FR' -->
        <bind to="country" search="self.code = :country" eval="location_contact"
          if="location_contact != null"/>
        <bind to="country" search="self.code = :country" eval="city_country"
          if="city_country != null"/>
        <bind to="country" search="self.code = :country" eval="'FR'"
          if="location_contact == null &amp;&amp; city_country == null"/>

      </bind>
    </bind>

  </input>

</xml-inputs>
