<?xml version="1.0"?>
<xml-inputs xmlns="http://axelor.com/xml/ns/data-import"
  xmlns:xsi="http://www.w3.org/2001/XMLSchema-instance"
  xsi:schemaLocation="http://axelor.com/xml/ns/data-import https://axelor.com/xml/ns/data-import/data-import_7.0.xsd">

  <!-- These are the default settings. -->

  <adapter name="LocalDate" type="com.axelor.data.adapter.JavaTimeAdapter">
    <option name="type" value="LocalDate"/>
    <option name="format" value="dd/MM/yyyy"/>
  </adapter>

  <adapter name="LocalTime" type="com.axelor.data.adapter.JavaTimeAdapter">
    <option name="type" value="LocalTime"/>
    <option name="format" value="HH:mm"/>
  </adapter>

  <adapter name="LocalDateTime" type="com.axelor.data.adapter.JavaTimeAdapter">
    <option name="type" value="LocalDateTime"/>
    <option name="format" value="dd/MM/yyyy HH:mm"/>
  </adapter>

  <adapter name="DateTime" type="com.axelor.data.adapter.JavaTimeAdapter">
    <option name="type" value="DateTime"/>
    <option name="format" value="dd/MM/yyyy HH:mm"/>
  </adapter>

  <adapter name="Boolean" type="com.axelor.data.adapter.BooleanAdapter">
    <option name="falsePattern" value="(0|false|no|f|n)"/>
  </adapter>

  <!-- The default number adapter settings -->
  <!-- <adapter name="Number" type="com.axelor.data.adapter.NumberAdapter"> <option name="thousandSeparator"
    value=","/> <option name="decimalSeparator" value="."/> </adapter> -->

  <!-- This is French settings. -->
  <adapter name="Number" type="com.axelor.data.adapter.NumberAdapter">
    <option name="thousandSeparator" value="."/>
    <option name="decimalSeparator" value=","/>
  </adapter>

  <input file="types.xml" root="adapter-tests">

    <bind node="adapter-test" type="com.axelor.data.tests.Types">
      <bind node="date" to="date" adapter="LocalDate"/>
      <bind node="time" to="time" adapter="LocalTime"/>
      <bind node="datetime" to="dateTime" adapter="LocalDateTime"/>
      <bind node="datetime2" to="dateTimeTz" adapter="DateTime"/>
      <bind node="active" to="active" adapter="Boolean"/>
      <bind node="number" to="number" adapter="Number"/>
      <bind node="price" to="price" adapter="Number"/>
    </bind>

  </input>

</xml-inputs>
