<?xml version="1.0" encoding="UTF-8"?>
<domain-models xmlns="http://axelor.com/xml/ns/domain-models"
  xmlns:xsi="http://www.w3.org/2001/XMLSchema-instance"
  xsi:schemaLocation="http://axelor.com/xml/ns/domain-models https://axelor.com/xml/ns/domain-models/domain-models_7.0.xsd">

  <module name="sale" package="com.axelor.sale.db"/>

  <entity name="Product" cacheable="true">
    <string name="code" required="true" unique="true" min="2"/>
    <string name="name" required="true" unique="true" min="2" translatable="true"/>
    <decimal name="price" title="Price" nullable="true" default="" scale="2" precision="20"/>
    <string name="color" selection="product.color.selection"/>
    <string name="colorVariants" selection="product.color.selection"/>
    <many-to-one name="category" ref="ProductCategory"/>
    <one-to-one name="image" ref="com.axelor.meta.db.MetaFile"/>
    <string name="notes" large="true"/>
    <string name="attrs" title="Attributes" json="true"/>
  </entity>

</domain-models>
